<?xml version="1.0" encoding="utf-8" standalone="yes"?>
<rss version="2.0" xmlns:atom="http://www.w3.org/2005/Atom">
  <channel>
    <title>Frontpages on Tino Roivanen´s Homepage</title>
    <link>/frontpage/</link>
    <description>Recent content in Frontpages on Tino Roivanen´s Homepage</description>
    <generator>Hugo -- gohugo.io</generator>
    <language>en</language>
    <lastBuildDate>Tue, 12 Sep 2023 00:00:00 +0000</lastBuildDate><atom:link href="/frontpage/index.xml" rel="self" type="application/rss+xml" />
    <item>
      <title>My Homepage</title>
      <link>/frontpage/frontpage/</link>
      <pubDate>Tue, 12 Sep 2023 00:00:00 +0000</pubDate>
      
      <guid>/frontpage/frontpage/</guid>
      <description>Welcome! You will find everything necossary about me in the options above. This text is just to indicate that the page is fully loaded.</description>
      <content>&lt;h1 id=&#34;welcome&#34;&gt;Welcome!&lt;/h1&gt;
&lt;blockquote&gt;
&lt;p&gt;You will find everything necossary about me in the options above. This text is just to indicate that the page is fully loaded.&lt;/p&gt;
&lt;/blockquote&gt;
</content>
    </item>
    
  </channel>
</rss>
