<?xml version="1.0" encoding="utf-8" standalone="yes"?>
<rss version="2.0" xmlns:atom="http://www.w3.org/2005/Atom">
  <channel>
    <title>Cvs on Tino Roivanen´s Homepage</title>
    <link>/cv/</link>
    <description>Recent content in Cvs on Tino Roivanen´s Homepage</description>
    <generator>Hugo -- gohugo.io</generator>
    <language>en</language>
    <lastBuildDate>Tue, 12 Sep 2023 00:00:00 +0000</lastBuildDate><atom:link href="/cv/index.xml" rel="self" type="application/rss+xml" />
    <item>
      <title>Tietoja Itsestäni</title>
      <link>/cv/cv/</link>
      <pubDate>Tue, 12 Sep 2023 00:00:00 +0000</pubDate>
      
      <guid>/cv/cv/</guid>
      <description>Lyhyesti itsestäni. Olen kolmannen vuoden tieto- ja viestintätekniikan insinööriopiskelija, vahvuuksiini kuuluu Webpohjaiset teknologiat, sekä tiimityöskentely, koska olen ollut useasti mukana ryhmänä työskentelyssä. Olen työntekijänä innokas oppimaan uutta, ja kokemaan uutta. En pelkää epäonnistua. Tulevaisuudessa näen itseni teknologiasta innostuvana, it-alan ihmisenä. Olen myös kiinnostunut linux-palvelinpuolesta, ja olen nauttinut oman palvelimeni konfiguroinnista sekä ylläpidosta.
Työkokemus 2019/04 - 2020/01, Turun Kaupunki, Digipore hankkeen projektityöntekijä Vastuualueitani olivat palvelun mobiili-layout, saavutettavuus, analystiikka ja hakukoneoptimointi. Kooditeknologioina käytössä oli mm: React, Redux, sass, ja bootstrap.</description>
      <content>&lt;h1 id=&#34;lyhyesti-itsestäni&#34;&gt;Lyhyesti itsestäni.&lt;/h1&gt;
&lt;blockquote&gt;
&lt;p&gt;Olen kolmannen vuoden tieto- ja viestintätekniikan insinööriopiskelija, vahvuuksiini kuuluu Webpohjaiset teknologiat, sekä tiimityöskentely, koska olen ollut useasti mukana ryhmänä työskentelyssä. Olen työntekijänä innokas oppimaan uutta, ja kokemaan uutta. En pelkää epäonnistua. Tulevaisuudessa näen itseni teknologiasta innostuvana, it-alan ihmisenä. Olen myös kiinnostunut linux-palvelinpuolesta, ja olen nauttinut oman palvelimeni konfiguroinnista sekä ylläpidosta.&lt;/p&gt;
&lt;/blockquote&gt;
&lt;blockquote&gt;
&lt;h1 id=&#34;työkokemus&#34;&gt;Työkokemus&lt;/h1&gt;
&lt;/blockquote&gt;
&lt;h1 id=&#34;201904---202001-turun-kaupunki-digipore-hankkeen-projektityöntekijä&#34;&gt;2019/04 - 2020/01, Turun Kaupunki, Digipore hankkeen projektityöntekijä&lt;/h1&gt;
&lt;blockquote&gt;
&lt;p&gt;Vastuualueitani olivat palvelun mobiili-layout, saavutettavuus, analystiikka ja hakukoneoptimointi. Kooditeknologioina käytössä oli mm: React, Redux, sass, ja bootstrap. Työ opetti tämän yhteydessä ryhmätyöskentelyä, koordinointia, ja kokoustamista.&lt;/p&gt;
&lt;/blockquote&gt;
&lt;h1 id=&#34;201608---201610-turun-ekotori-sähkölaitetestaajakorjaaja-sekä-asiakasneuvoja&#34;&gt;2016/08 - 2016/10, Turun Ekotori, Sähkölaitetestaaja/korjaaja sekä asiakasneuvoja&lt;/h1&gt;
&lt;blockquote&gt;
&lt;p&gt;Sähkölaitteiden asianmukaista huoltoa, korjausta, testaamista, ja myyntivalmiiksi laittamista, sekä asiakkaiden neuvontaa tietyissä elektronisiin laitteisiin liittyvissä kysymyksissä. Vastasin myös korjaukseen tulevien, ja asennettavien työasemien tietoturvasta, niiden vakioinnista, sekä korjaamon omien tulostus- ja verkkopalveluiden käyttöönotosta.&lt;/p&gt;
&lt;/blockquote&gt;
&lt;h3 id=&#34;201501---201503-sekä-102015---122015-kansalaisen-mikrotuki-nyk-kansalaisen-it-tuki-it-tukihenkilö&#34;&gt;2015/01 - 2015/03, Sekä 10/2015 - 12/2015 Kansalaisen mikrotuki (Nyk. Kansalaisen IT-Tuki), IT-Tukihenkilö&lt;/h3&gt;
&lt;blockquote&gt;
&lt;p&gt;Datanomitutkinnon aikana suoritetut työharjoittelut. Tämän työjakson aikana opin mm: asiakasopastusta tiskillä, sekä puhelimitse. Vastuualueitani olivat Tietokoneiden ja mobiililaitteiden diagnostiikka-, korjaus-, asennus-, ja huoltotyöt, sekä käyttöjärjestelmien asennukset, ja niiden tietoturvallisuudesta huolehtiminen.&lt;/p&gt;
&lt;/blockquote&gt;
&lt;blockquote&gt;
&lt;h1 id=&#34;koulutus&#34;&gt;Koulutus&lt;/h1&gt;
&lt;/blockquote&gt;
&lt;h2 id=&#34;2021----oulun-ammattikorkeakoulu-tieto--ja-viestintätekniikka-insinööri-ohjelmistokehityksen-suuntausvaihtoehto&#34;&gt;2021 - &amp;hellip; Oulun Ammattikorkeakoulu, Tieto- ja viestintätekniikka, Insinööri, Ohjelmistokehityksen suuntausvaihtoehto.&lt;/h2&gt;
&lt;blockquote&gt;
&lt;/blockquote&gt;
&lt;h2 id=&#34;2014---2017-novida-ammattiopisto-lieto-tieto--ja-viestintätekniikan-perustutkinto-käytön-tuen-osaamisala-datanomi&#34;&gt;2014 - 2017, Novida Ammattiopisto, Lieto, Tieto- ja viestintätekniikan perustutkinto, Käytön tuen osaamisala, Datanomi.&lt;/h2&gt;
&lt;ul&gt;
&lt;li&gt;Ammatillisiin tutkinnon osiini tämän koulutuksen aikana kuului muunmuassa: Palvelutehtävissä toimiminen, Järjestelmän hankinta ja käyttöönotto, Ylläpitotehtävissä toimiminen, Palvelujen käyttöönotto ja tuki, sekä Tietoturvan ylläpito. Lopputyönäni tässä koulutuksessa toteutin reittien, reittipisteiden ja käyttäjien hallintajärjestelmän linuxympäristössä PHP:llä ja MySQL:llä.&lt;/li&gt;
&lt;/ul&gt;
&lt;blockquote&gt;
&lt;h1 id=&#34;muut-huomioitavat-saavutukset&#34;&gt;Muut huomioitavat Saavutukset.&lt;/h1&gt;
&lt;/blockquote&gt;
&lt;h2 id=&#34;2022-2023-viestintävastaavana-toimiminen-opiskelijayhdistys-oio-rylle&#34;&gt;2022-2023 Viestintävastaavana toimiminen opiskelijayhdistys OIO Ry:lle&lt;/h2&gt;
</content>
    </item>
    
  </channel>
</rss>
