<?xml version="1.0" encoding="utf-8" standalone="yes"?>
<rss version="2.0" xmlns:atom="http://www.w3.org/2005/Atom">
  <channel>
    <title>Cvenglishes on Tino Roivanen´s Homepage</title>
    <link>/cvenglish/</link>
    <description>Recent content in Cvenglishes on Tino Roivanen´s Homepage</description>
    <generator>Hugo -- gohugo.io</generator>
    <language>en</language>
    <lastBuildDate>Tue, 12 Sep 2023 00:00:00 +0000</lastBuildDate><atom:link href="/cvenglish/index.xml" rel="self" type="application/rss+xml" />
    <item>
      <title>About Myself</title>
      <link>/cvenglish/cv/</link>
      <pubDate>Tue, 12 Sep 2023 00:00:00 +0000</pubDate>
      
      <guid>/cvenglish/cv/</guid>
      <description>Shortly about myself I am a third year student in a Bachelor of Engineering programme in Information Technology. My strengths include Web Development,and teamwork, because I have been involved in multiple group projects. As an employee, im excited to try out new things. I&amp;rsquo;m not afraid of failure, because nobody is perfect. And in the future I will see myself as A IT-employee excited from technology. I have also expressed interest in linux-server maintenance, and I have enjoyed maintaining and configuring my own linux server.</description>
      <content>&lt;h1 id=&#34;shortly-about-myself&#34;&gt;Shortly about myself&lt;/h1&gt;
&lt;blockquote&gt;
&lt;p&gt;I am a third year student in a Bachelor of Engineering programme in Information Technology. My strengths include Web Development,and teamwork, because I have been involved in multiple group projects. As an employee, im excited to try out new things. I&amp;rsquo;m not afraid of failure, because nobody is perfect. And in the future I will see myself as A IT-employee excited from technology. I have also expressed interest in linux-server maintenance, and I have enjoyed maintaining and configuring my own linux server.&lt;/p&gt;
&lt;/blockquote&gt;
&lt;blockquote&gt;
&lt;h1 id=&#34;work-experience&#34;&gt;Work Experience&lt;/h1&gt;
&lt;/blockquote&gt;
&lt;h1 id=&#34;201904---202001-city-of-turku-project-employee-in-the-digipore-project&#34;&gt;2019/04 - 2020/01, City Of Turku, Project Employee in the Digipore-project&lt;/h1&gt;
&lt;blockquote&gt;
&lt;p&gt;My responsibilities were the mobile-layout of the service we built, accessibility, analytics, and search engine optimization. For code technologies, technologies used included: React, Redux, sass and bootstrap. Besides the technologies, this project taught me working as a group, coordination between team members, and meeting practices.&lt;/p&gt;
&lt;/blockquote&gt;
&lt;h1 id=&#34;201608---201610-turun-ekotori-electronic-equipment-repairmantester-and-customer-service-agent&#34;&gt;2016/08 - 2016/10, Turun Ekotori, Electronic equipment repairman/tester, and customer service agent.&lt;/h1&gt;
&lt;blockquote&gt;
&lt;p&gt;The required maintance, repairing, testing, and preparing for sale of various electrical appliances, and customer servcice, regarding their questions to certain electric appliances. I was responsible also for the information security of the repaired devices, and the stations used by the workers, their standardization, and the setting up, and maintenance of the repair shops own printing-, and web-services.&lt;/p&gt;
&lt;/blockquote&gt;
&lt;h3 id=&#34;201501---201503-sekä-102015---122015-kansalaisen-mikrotuki-nyk-kansalaisen-it-tuki-it-tukihenkilö&#34;&gt;2015/01 - 2015/03, Sekä 10/2015 - 12/2015 Kansalaisen mikrotuki (Nyk. Kansalaisen IT-Tuki), IT-Tukihenkilö&lt;/h3&gt;
&lt;blockquote&gt;
&lt;p&gt;On-the job learning, that i did during my Vocational Qualification in Information and Communications Technology. During these perioids i learned to do customer service over the counter, and on the phone. My main responsibilities were Laptop &amp;amp; Mobile  diagnostic-, repair-, installation-, and maintenance-jobs, operating system installs / upgrades, and their information security.&lt;/p&gt;
&lt;/blockquote&gt;
&lt;blockquote&gt;
&lt;h1 id=&#34;education&#34;&gt;Education&lt;/h1&gt;
&lt;/blockquote&gt;
&lt;h2 id=&#34;2021----oulu-university-of-applied-sciences-information-technology-engineer-software-development&#34;&gt;2021 - &amp;hellip; Oulu University of Applied Sciences, Information Technology, Engineer, Software Development.&lt;/h2&gt;
&lt;blockquote&gt;
&lt;/blockquote&gt;
&lt;h2 id=&#34;2014---2017-novida-lieto-campus-vocational-qualification-in-business-information-technology&#34;&gt;2014 - 2017, Novida Lieto Campus, Vocational Qualification in Business Information Technology.&lt;/h2&gt;
&lt;ul&gt;
&lt;li&gt;The IT-parts of this degree included Working in support related tasks, Setting up systems, maintaining them, supervising them, support related to said systems, and information security upkeeping. As my degree work, i made a route, route-point, and a user management system on a linux based envivorment with PHP and MySQL.&lt;/li&gt;
&lt;/ul&gt;
&lt;blockquote&gt;
&lt;h1 id=&#34;other-notable-achievements&#34;&gt;Other Notable Achievements&lt;/h1&gt;
&lt;/blockquote&gt;
&lt;h2 id=&#34;2022-2023-working-as-a-representative-of-informations-for-the-student-organization-oio-ry&#34;&gt;2022-2023 Working as a representative of informations for the student organization OIO Ry&lt;/h2&gt;
</content>
    </item>
    
  </channel>
</rss>
