<?xml version="1.0" encoding="utf-8" standalone="yes"?>
<rss version="2.0" xmlns:atom="http://www.w3.org/2005/Atom">
  <channel>
    <title>Abouts on Tino Roivanen´s Homepage</title>
    <link>/about/</link>
    <description>Recent content in Abouts on Tino Roivanen´s Homepage</description>
    <generator>Hugo -- gohugo.io</generator>
    <language>en</language>
    <lastBuildDate>Mon, 13 Mar 2023 00:00:00 +0000</lastBuildDate><atom:link href="/about/index.xml" rel="self" type="application/rss+xml" />
    <item>
      <title>A short introduction to know me.</title>
      <link>/about/about/</link>
      <pubDate>Mon, 13 Mar 2023 00:00:00 +0000</pubDate>
      
      <guid>/about/about/</guid>
      <description>This is a placeholder text. Text coming soon, once i finish translating the necossary things i want to add here.</description>
      <content>&lt;h1 id=&#34;this-is-a-placeholder-text&#34;&gt;This is a placeholder text.&lt;/h1&gt;
&lt;p&gt;Text coming soon, once i finish translating the necossary things i want to add here.&lt;/p&gt;
</content>
    </item>
    
  </channel>
</rss>
